year,month,period,flow_code,flow_label,partner_iso,partner_name,hs_code,hs_description,cif_value_usd,fob_value_usd,primary_value_usd,quantity,is_reported,date,quarter
2015,1,201501,X,exports,W00,World,85,"Electrical machinery and equipment and parts thereof; sound recorders and reproducers; television image and sound recorders and reproducers, parts and accessories of such articles",0.0,717735674.0,717735674.0,0,False,2015-01-01,1
2015,2,201502,X,exports,W00,World,85,"Electrical machinery and equipment and parts thereof; sound recorders and reproducers; television image and sound recorders and reproducers, parts and accessories of such articles",0.0,681026721.0,681026721.0,0,False,2015-02-01,1
2015,3,201503,X,exports,W00,World,85,"Electrical machinery and equipment and parts thereof; sound recorders and reproducers; television image and sound recorders and reproducers, parts and accessories of such articles",0.0,766345289.0,766345289.0,0,False,2015-03-01,1
2015,4,201504,X,exports,W00,World,85,"Electrical machinery and equipment and parts thereof; sound recorders and reproducers; television image and sound recorders and reproducers, parts and accessories of such articles",0.0,739662571.0,739662571.0,0,False,2015-04-01,2
2015,5,201505,X,exports,W00,World,85,"Electrical machinery and equipment and parts thereof; sound recorders and reproducers; television image and sound recorders and reproducers, parts and accessories of such articles",0.0,657256055.0,657256055.0,0,False,2015-05-01,2
2015,6,201506,X,exports,W00,World,85,"Electrical machinery and equipment and parts thereof; sound recorders and reproducers; television image and sound recorders and reproducers, parts and accessories of such articles",0.0,744747279.0,744747279.0,0,False,2015-06-01,2
2015,7,201507,X,exports,W00,World,85,"Electrical machinery and equipment and parts thereof; sound recorders and reproducers; television image and sound recorders and reproducers, parts and accessories of such articles",0.0,632220220.0,632220220.0,0,False,2015-07-01,3
2015,8,201508,X,exports,W00,World,85,"Electrical machinery and equipment and parts thereof; sound recorders and reproducers; television image and sound recorders and reproducers, parts and accessories of such articles",0.0,715164931.0,715164931.0,0,False,2015-08-01,3
2015,9,201509,X,exports,W00,World,85,"Electrical machinery and equipment and parts thereof; sound recorders and reproducers; television image and sound recorders and reproducers, parts and accessories of such articles",0.0,780807022.706,780807022.706,0,False,2015-09-01,3
2015,10,201510,X,exports,W00,World,85,"Electrical machinery and equipment and parts thereof; sound recorders and reproducers; television image and sound recorders and reproducers, parts and accessories of such articles",0.0,783537716.27,783537716.27,0,False,2015-10-01,4
2015,11,201511,X,exports,W00,World,85,"Electrical machinery and equipment and parts thereof; sound recorders and reproducers; television image and sound recorders and reproducers, parts and accessories of such articles",0.0,672564179.44,672564179.44,0,False,2015-11-01,4
2015,12,201512,X,exports,W00,World,85,"Electrical machinery and equipment and parts thereof; sound recorders and reproducers; television image and sound recorders and reproducers, parts and accessories of such articles",0.0,671159190.178,671159190.178,0,False,2015-12-01,4
2016,1,201601,X,exports,W00,World,85,"Electrical machinery and equipment and parts thereof; sound recorders and reproducers; television image and sound recorders and reproducers, parts and accessories of such articles",0.0,644800725.08,644800725.08,0,False,2016-01-01,1
2016,2,201602,X,exports,W00,World,85,"Electrical machinery and equipment and parts thereof; sound recorders and reproducers; television image and sound recorders and reproducers, parts and accessories of such articles",0.0,645059533.853,645059533.853,0,False,2016-02-01,1
2016,3,201603,X,exports,W00,World,85,"Electrical machinery and equipment and parts thereof; sound recorders and reproducers; television image and sound recorders and reproducers, parts and accessories of such articles",0.0,696837141.505,696837141.505,0,False,2016-03-01,1
2016,4,201604,X,exports,W00,World,85,"Electrical machinery and equipment and parts thereof; sound recorders and reproducers; television image and sound recorders and reproducers, parts and accessories of such articles",0.0,671359137.608,671359137.608,0,False,2016-04-01,2
2016,5,201605,X,exports,W00,World,85,"Electrical machinery and equipment and parts thereof; sound recorders and reproducers; television image and sound recorders and reproducers, parts and accessories of such articles",0.0,645770862.8,645770862.8,0,False,2016-05-01,2
2016,6,201606,X,exports,W00,World,85,"Electrical machinery and equipment and parts thereof; sound recorders and reproducers; television image and sound recorders and reproducers, parts and accessories of such articles",0.0,734728082.224,734728082.224,0,False,2016-06-01,2
2016,7,201607,X,exports,W00,World,85,"Electrical machinery and equipment and parts thereof; sound recorders and reproducers; television image and sound recorders and reproducers, parts and accessories of such articles",0.0,527453484.332,527453484.332,0,False,2016-07-01,3
2016,8,201608,X,exports,W00,World,85,"Electrical machinery and equipment and parts thereof; sound recorders and reproducers; television image and sound recorders and reproducers, parts and accessories of such articles",0.0,702942356.379,702942356.379,0,False,2016-08-01,3
2016,9,201609,X,exports,W00,World,85,"Electrical machinery and equipment and parts thereof; sound recorders and reproducers; television image and sound recorders and reproducers, parts and accessories of such articles",0.0,761751586.551,761751586.551,0,False,2016-09-01,3
2016,10,201610,X,exports,W00,World,85,"Electrical machinery and equipment and parts thereof; sound recorders and reproducers; television image and sound recorders and reproducers, parts and accessories of such articles",0.0,758034749.591,758034749.591,0,False,2016-10-01,4
2016,11,201611,X,exports,W00,World,85,"Electrical machinery and equipment and parts thereof; sound recorders and reproducers; television image and sound recorders and reproducers, parts and accessories of such articles",0.0,716755073.994,716755073.994,0,False,2016-11-01,4
2016,12,201612,X,exports,W00,World,85,"Electrical machinery and equipment and parts thereof; sound recorders and reproducers; television image and sound recorders and reproducers, parts and accessories of such articles",0.0,655490766.529,655490766.529,0,False,2016-12-01,4
2017,1,201701,X,exports,W00,World,85,"Electrical machinery and equipment and parts thereof; sound recorders and reproducers; television image and sound recorders and reproducers, parts and accessories of such articles",0.0,640701047.15,640701047.15,0,False,2017-01-01,1
2017,2,201702,X,exports,W00,World,85,"Electrical machinery and equipment and parts thereof; sound recorders and reproducers; television image and sound recorders and reproducers, parts and accessories of such articles",0.0,646859776.08,646859776.08,0,False,2017-02-01,1
2017,3,201703,X,exports,W00,World,85,"Electrical machinery and equipment and parts thereof; sound recorders and reproducers; television image and sound recorders and reproducers, parts and accessories of such articles",0.0,802450667.15,802450667.15,0,False,2017-03-01,1
2017,4,201704,X,exports,W00,World,85,"Electrical machinery and equipment and parts thereof; sound recorders and reproducers; television image and sound recorders and reproducers, parts and accessories of such articles",,654456765.68,654456765.68,0,False,2017-04-01,2
2017,5,201705,X,exports,W00,World,85,"Electrical machinery and equipment and parts thereof; sound recorders and reproducers; television image and sound recorders and reproducers, parts and accessories of such articles",0.0,753765399.13,753765399.13,0,False,2017-05-01,2
2017,6,201706,X,exports,W00,World,85,"Electrical machinery and equipment and parts thereof; sound recorders and reproducers; television image and sound recorders and reproducers, parts and accessories of such articles",,609644071.5,609644071.5,0,False,2017-06-01,2
2017,7,201707,X,exports,W00,World,85,"Electrical machinery and equipment and parts thereof; sound recorders and reproducers; television image and sound recorders and reproducers, parts and accessories of such articles",0.0,707582841.67,707582841.67,0,False,2017-07-01,3
2017,8,201708,X,exports,W00,World,85,"Electrical machinery and equipment and parts thereof; sound recorders and reproducers; television image and sound recorders and reproducers, parts and accessories of such articles",0.0,808383607.56,808383607.56,0,False,2017-08-01,3
2017,9,201709,X,exports,W00,World,85,"Electrical machinery and equipment and parts thereof; sound recorders and reproducers; television image and sound recorders and reproducers, parts and accessories of such articles",0.0,756586777.56,756586777.56,0,False,2017-09-01,3
2017,10,201710,X,exports,W00,World,85,"Electrical machinery and equipment and parts thereof; sound recorders and reproducers; television image and sound recorders and reproducers, parts and accessories of such articles",0.0,748102943.57,748102943.57,0,False,2017-10-01,4
2017,11,201711,X,exports,W00,World,85,"Electrical machinery and equipment and parts thereof; sound recorders and reproducers; television image and sound recorders and reproducers, parts and accessories of such articles",0.0,743156510.89,743156510.89,0,False,2017-11-01,4
2017,12,201712,X,exports,W00,World,85,"Electrical machinery and equipment and parts thereof; sound recorders and reproducers; television image and sound recorders and reproducers, parts and accessories of such articles",0.0,633197983.61,633197983.61,0,False,2017-12-01,4
2018,1,201801,X,exports,W00,World,85,"Electrical machinery and equipment and parts thereof; sound recorders and reproducers; television image and sound recorders and reproducers, parts and accessories of such articles",0.0,718977792.76,718977792.76,0,False,2018-01-01,1
2018,2,201802,X,exports,W00,World,85,"Electrical machinery and equipment and parts thereof; sound recorders and reproducers; television image and sound recorders and reproducers, parts and accessories of such articles",0.0,662812913.99,662812913.99,0,False,2018-02-01,1
2018,3,201803,X,exports,W00,World,85,"Electrical machinery and equipment and parts thereof; sound recorders and reproducers; television image and sound recorders and reproducers, parts and accessories of such articles",0.0,713492661.72,713492661.72,0,False,2018-03-01,1
2018,4,201804,X,exports,W00,World,85,"Electrical machinery and equipment and parts thereof; sound recorders and reproducers; television image and sound recorders and reproducers, parts and accessories of such articles",0.0,679202083.93,679202083.93,0,False,2018-04-01,2
2018,5,201805,X,exports,W00,World,85,"Electrical machinery and equipment and parts thereof; sound recorders and reproducers; television image and sound recorders and reproducers, parts and accessories of such articles",0.0,790756246.87,790756246.87,0,False,2018-05-01,2
2018,6,201806,X,exports,W00,World,85,"Electrical machinery and equipment and parts thereof; sound recorders and reproducers; television image and sound recorders and reproducers, parts and accessories of such articles",0.0,583293416.81,583293416.81,0,False,2018-06-01,2
2018,7,201807,X,exports,W00,World,85,"Electrical machinery and equipment and parts thereof; sound recorders and reproducers; television image and sound recorders and reproducers, parts and accessories of such articles",0.0,814068847.15,814068847.15,0,False,2018-07-01,3
2018,8,201808,X,exports,W00,World,85,"Electrical machinery and equipment and parts thereof; sound recorders and reproducers; television image and sound recorders and reproducers, parts and accessories of such articles",0.0,855376980.72,855376980.72,0,False,2018-08-01,3
2018,9,201809,X,exports,W00,World,85,"Electrical machinery and equipment and parts thereof; sound recorders and reproducers; television image and sound recorders and reproducers, parts and accessories of such articles",0.0,769341578.92,769341578.92,0,False,2018-09-01,3
2018,10,201810,X,exports,W00,World,85,"Electrical machinery and equipment and parts thereof; sound recorders and reproducers; television image and sound recorders and reproducers, parts and accessories of such articles",0.0,787888111.41,787888111.41,0,False,2018-10-01,4
2018,11,201811,X,exports,W00,World,85,"Electrical machinery and equipment and parts thereof; sound recorders and reproducers; television image and sound recorders and reproducers, parts and accessories of such articles",0.0,739383646.74,739383646.74,0,False,2018-11-01,4
2018,12,201812,X,exports,W00,World,85,"Electrical machinery and equipment and parts thereof; sound recorders and reproducers; television image and sound recorders and reproducers, parts and accessories of such articles",0.0,739417073.29,739417073.29,0,False,2018-12-01,4
2019,1,201901,X,exports,W00,World,85,"Electrical machinery and equipment and parts thereof; sound recorders and reproducers; television image and sound recorders and reproducers, parts and accessories of such articles",0.0,768519238.264,768519238.264,0,False,2019-01-01,1
2019,2,201902,X,exports,W00,World,85,"Electrical machinery and equipment and parts thereof; sound recorders and reproducers; television image and sound recorders and reproducers, parts and accessories of such articles",0.0,732765667.504,732765667.504,0,False,2019-02-01,1
2019,3,201903,X,exports,W00,World,85,"Electrical machinery and equipment and parts thereof; sound recorders and reproducers; television image and sound recorders and reproducers, parts and accessories of such articles",0.0,789121875.865,789121875.865,0,False,2019-03-01,1
2019,4,201904,X,exports,W00,World,85,"Electrical machinery and equipment and parts thereof; sound recorders and reproducers; television image and sound recorders and reproducers, parts and accessories of such articles",0.0,686519414.727,686519414.727,0,False,2019-04-01,2
2019,5,201905,X,exports,W00,World,85,"Electrical machinery and equipment and parts thereof; sound recorders and reproducers; television image and sound recorders and reproducers, parts and accessories of such articles",0.0,788100530.86,788100530.86,0,False,2019-05-01,2
2019,6,201906,X,exports,W00,World,85,"Electrical machinery and equipment and parts thereof; sound recorders and reproducers; television image and sound recorders and reproducers, parts and accessories of such articles",0.0,625627477.208,625627477.208,0,False,2019-06-01,2
2019,7,201907,X,exports,W00,World,85,"Electrical machinery and equipment and parts thereof; sound recorders and reproducers; television image and sound recorders and reproducers, parts and accessories of such articles",0.0,849277839.595,849277839.595,0,False,2019-07-01,3
2019,8,201908,X,exports,W00,World,85,"Electrical machinery and equipment and parts thereof; sound recorders and reproducers; television image and sound recorders and reproducers, parts and accessories of such articles",0.0,780545023.384,780545023.384,0,False,2019-08-01,3
2019,9,201909,X,exports,W00,World,85,"Electrical machinery and equipment and parts thereof; sound recorders and reproducers; television image and sound recorders and reproducers, parts and accessories of such articles",0.0,729312470.562,729312470.562,0,False,2019-09-01,3
2019,10,201910,X,exports,W00,World,85,"Electrical machinery and equipment and parts thereof; sound recorders and reproducers; television image and sound recorders and reproducers, parts and accessories of such articles",0.0,798519769.603,798519769.603,0,False,2019-10-01,4
2019,11,201911,X,exports,W00,World,85,"Electrical machinery and equipment and parts thereof; sound recorders and reproducers; television image and sound recorders and reproducers, parts and accessories of such articles",0.0,771183822.282,771183822.282,0,False,2019-11-01,4
2019,12,201912,X,exports,W00,World,85,"Electrical machinery and equipment and parts thereof; sound recorders and reproducers; television image and sound recorders and reproducers, parts and accessories of such articles",0.0,692672862.183,692672862.183,0,False,2019-12-01,4
2020,1,202001,X,exports,W00,World,85,"Electrical machinery and equipment and parts thereof; sound recorders and reproducers; television image and sound recorders and reproducers, parts and accessories of such articles",0.0,779270115.307,779270115.307,0,False,2020-01-01,1
2020,2,202002,X,exports,W00,World,85,"Electrical machinery and equipment and parts thereof; sound recorders and reproducers; television image and sound recorders and reproducers, parts and accessories of such articles",0.0,763207998.033,763207998.033,0,False,2020-02-01,1
2020,3,202003,X,exports,W00,World,85,"Electrical machinery and equipment and parts thereof; sound recorders and reproducers; television image and sound recorders and reproducers, parts and accessories of such articles",0.0,721437955.003,721437955.003,0,False,2020-03-01,1
2020,4,202004,X,exports,W00,World,85,"Electrical machinery and equipment and parts thereof; sound recorders and reproducers; television image and sound recorders and reproducers, parts and accessories of such articles",0.0,591647848.597,591647848.597,0,False,2020-04-01,2
2020,5,202005,X,exports,W00,World,85,"Electrical machinery and equipment and parts thereof; sound recorders and reproducers; television image and sound recorders and reproducers, parts and accessories of such articles",0.0,500853190.729,500853190.729,0,False,2020-05-01,2
2020,6,202006,X,exports,W00,World,85,"Electrical machinery and equipment and parts thereof; sound recorders and reproducers; television image and sound recorders and reproducers, parts and accessories of such articles",0.0,698705000.449,698705000.449,0,False,2020-06-01,2
2020,7,202007,X,exports,W00,World,85,"Electrical machinery and equipment and parts thereof; sound recorders and reproducers; television image and sound recorders and reproducers, parts and accessories of such articles",0.0,794802538.013,794802538.013,0,False,2020-07-01,3
2020,8,202008,X,exports,W00,World,85,"Electrical machinery and equipment and parts thereof; sound recorders and reproducers; television image and sound recorders and reproducers, parts and accessories of such articles",0.0,789976841.351,789976841.351,0,False,2020-08-01,3
2020,9,202009,X,exports,W00,World,85,"Electrical machinery and equipment and parts thereof; sound recorders and reproducers; television image and sound recorders and reproducers, parts and accessories of such articles",0.0,844591948.288,844591948.288,0,False,2020-09-01,3
2020,10,202010,X,exports,W00,World,85,"Electrical machinery and equipment and parts thereof; sound recorders and reproducers; television image and sound recorders and reproducers, parts and accessories of such articles",0.0,904282922.531,904282922.531,0,False,2020-10-01,4
2020,11,202011,X,exports,W00,World,85,"Electrical machinery and equipment and parts thereof; sound recorders and reproducers; television image and sound recorders and reproducers, parts and accessories of such articles",0.0,866893759.539,866893759.539,0,False,2020-11-01,4
2020,12,202012,X,exports,W00,World,85,"Electrical machinery and equipment and parts thereof; sound recorders and reproducers; television image and sound recorders and reproducers, parts and accessories of such articles",0.0,977010571.425,977010571.425,0,False,2020-12-01,4
2021,1,202101,X,exports,W00,World,85,"Electrical machinery and equipment and parts thereof; sound recorders and reproducers; television image and sound recorders and reproducers, parts and accessories of such articles",,860261692.459,860261692.459,0,False,2021-01-01,1
2021,2,202102,X,exports,W00,World,85,"Electrical machinery and equipment and parts thereof; sound recorders and reproducers; television image and sound recorders and reproducers, parts and accessories of such articles",,837595258.249,837595258.249,0,False,2021-02-01,1
2021,3,202103,X,exports,W00,World,85,"Electrical machinery and equipment and parts thereof; sound recorders and reproducers; television image and sound recorders and reproducers, parts and accessories of such articles",,972807095.237,972807095.237,0,False,2021-03-01,1
2021,4,202104,X,exports,W00,World,85,"Electrical machinery and equipment and parts thereof; sound recorders and reproducers; television image and sound recorders and reproducers, parts and accessories of such articles",,1002607775.381,1002607775.381,0,False,2021-04-01,2
2021,5,202105,X,exports,W00,World,85,"Electrical machinery and equipment and parts thereof; sound recorders and reproducers; television image and sound recorders and reproducers, parts and accessories of such articles",,869762812.13,869762812.13,0,False,2021-05-01,2
2021,6,202106,X,exports,W00,World,85,"Electrical machinery and equipment and parts thereof; sound recorders and reproducers; television image and sound recorders and reproducers, parts and accessories of such articles",,1007373820.516,1007373820.516,0,False,2021-06-01,2
2021,7,202107,X,exports,W00,World,85,"Electrical machinery and equipment and parts thereof; sound recorders and reproducers; television image and sound recorders and reproducers, parts and accessories of such articles",,953060924.497,953060924.497,0,False,2021-07-01,3
2021,8,202108,X,exports,W00,World,85,"Electrical machinery and equipment and parts thereof; sound recorders and reproducers; television image and sound recorders and reproducers, parts and accessories of such articles",,1005054518.449,1005054518.449,0,False,2021-08-01,3
2021,9,202109,X,exports,W00,World,85,"Electrical machinery and equipment and parts thereof; sound recorders and reproducers; television image and sound recorders and reproducers, parts and accessories of such articles",,1051165393.516,1051165393.516,0,False,2021-09-01,3
2021,10,202110,X,exports,W00,World,85,"Electrical machinery and equipment and parts thereof; sound recorders and reproducers; television image and sound recorders and reproducers, parts and accessories of such articles",,945552383.434,945552383.434,0,False,2021-10-01,4
2021,11,202111,X,exports,W00,World,85,"Electrical machinery and equipment and parts thereof; sound recorders and reproducers; television image and sound recorders and reproducers, parts and accessories of such articles",,1059894406.22,1059894406.22,0,False,2021-11-01,4
2021,12,202112,X,exports,W00,World,85,"Electrical machinery and equipment and parts thereof; sound recorders and reproducers; television image and sound recorders and reproducers, parts and accessories of such articles",,1210749343.229,1210749343.229,0,False,2021-12-01,4
2022,1,202201,X,exports,W00,World,85,"Electrical machinery and equipment and parts thereof; sound recorders and reproducers; television image and sound recorders and reproducers, parts and accessories of such articles",,1064738076.784,1064738076.784,0,False,2022-01-01,1
2022,2,202202,X,exports,W00,World,85,"Electrical machinery and equipment and parts thereof; sound recorders and reproducers; television image and sound recorders and reproducers, parts and accessories of such articles",,1069979016.782,1069979016.782,0,False,2022-02-01,1
2022,3,202203,X,exports,W00,World,85,"Electrical machinery and equipment and parts thereof; sound recorders and reproducers; television image and sound recorders and reproducers, parts and accessories of such articles",,1170788495.488,1170788495.488,0,False,2022-03-01,1
2022,4,202204,X,exports,W00,World,85,"Electrical machinery and equipment and parts thereof; sound recorders and reproducers; television image and sound recorders and reproducers, parts and accessories of such articles",,1228395042.618,1228395042.618,0,False,2022-04-01,2
2022,5,202205,X,exports,W00,World,85,"Electrical machinery and equipment and parts thereof; sound recorders and reproducers; television image and sound recorders and reproducers, parts and accessories of such articles",,1072217915.163,1072217915.163,0,False,2022-05-01,2
2022,6,202206,X,exports,W00,World,85,"Electrical machinery and equipment and parts thereof; sound recorders and reproducers; television image and sound recorders and reproducers, parts and accessories of such articles",,1208324292.113,1208324292.113,0,False,2022-06-01,2
2022,7,202207,X,exports,W00,World,85,"Electrical machinery and equipment and parts thereof; sound recorders and reproducers; television image and sound recorders and reproducers, parts and accessories of such articles",,1195699984.191,1195699984.191,0,False,2022-07-01,3
2022,8,202208,X,exports,W00,World,85,"Electrical machinery and equipment and parts thereof; sound recorders and reproducers; television image and sound recorders and reproducers, parts and accessories of such articles",,1448783501.817,1448783501.817,0,False,2022-08-01,3
2022,9,202209,X,exports,W00,World,85,"Electrical machinery and equipment and parts thereof; sound recorders and reproducers; television image and sound recorders and reproducers, parts and accessories of such articles",,1345918154.994,1345918154.994,0,False,2022-09-01,3
2022,10,202210,X,exports,W00,World,85,"Electrical machinery and equipment and parts thereof; sound recorders and reproducers; television image and sound recorders and reproducers, parts and accessories of such articles",,1266399097.273,1266399097.273,0,False,2022-10-01,4
2022,11,202211,X,exports,W00,World,85,"Electrical machinery and equipment and parts thereof; sound recorders and reproducers; television image and sound recorders and reproducers, parts and accessories of such articles",,1210491657.644,1210491657.644,0,False,2022-11-01,4
2022,12,202212,X,exports,W00,World,85,"Electrical machinery and equipment and parts thereof; sound recorders and reproducers; television image and sound recorders and reproducers, parts and accessories of such articles",,1266678967.704,1266678967.704,0,False,2022-12-01,4
2023,1,202301,X,exports,W00,World,85,"Electrical machinery and equipment and parts thereof; sound recorders and reproducers; television image and sound recorders and reproducers, parts and accessories of such articles",,1289861908.516,1289861908.516,0,False,2023-01-01,1
2023,2,202302,X,exports,W00,World,85,"Electrical machinery and equipment and parts thereof; sound recorders and reproducers; television image and sound recorders and reproducers, parts and accessories of such articles",,1431213257.689,1431213257.689,0,False,2023-02-01,1
2023,3,202303,X,exports,W00,World,85,"Electrical machinery and equipment and parts thereof; sound recorders and reproducers; television image and sound recorders and reproducers, parts and accessories of such articles",,1266889381.429,1266889381.429,0,False,2023-03-01,1
2023,4,202304,X,exports,W00,World,85,"Electrical machinery and equipment and parts thereof; sound recorders and reproducers; television image and sound recorders and reproducers, parts and accessories of such articles",,1033077602.573,1033077602.573,0,False,2023-04-01,2
2023,5,202305,X,exports,W00,World,85,"Electrical machinery and equipment and parts thereof; sound recorders and reproducers; television image and sound recorders and reproducers, parts and accessories of such articles",,1231844814.637,1231844814.637,0,False,2023-05-01,2
2023,6,202306,X,exports,W00,World,85,"Electrical machinery and equipment and parts thereof; sound recorders and reproducers; television image and sound recorders and reproducers, parts and accessories of such articles",,1160890359.395,1160890359.395,0,False,2023-06-01,2
2023,7,202307,X,exports,W00,World,85,"Electrical machinery and equipment and parts thereof; sound recorders and reproducers; television image and sound recorders and reproducers, parts and accessories of such articles",,1237735387.223,1237735387.223,0,False,2023-07-01,3
2023,8,202308,X,exports,W00,World,85,"Electrical machinery and equipment and parts thereof; sound recorders and reproducers; television image and sound recorders and reproducers, parts and accessories of such articles",,1259454168.709,1259454168.709,0,False,2023-08-01,3
2023,9,202309,X,exports,W00,World,85,"Electrical machinery and equipment and parts thereof; sound recorders and reproducers; television image and sound recorders and reproducers, parts and accessories of such articles",,1162091983.977,1162091983.977,0,False,2023-09-01,3
2023,10,202310,X,exports,W00,World,85,"Electrical machinery and equipment and parts thereof; sound recorders and reproducers; television image and sound recorders and reproducers, parts and accessories of such articles",,1073765381.119,1073765381.119,0,False,2023-10-01,4
2023,11,202311,X,exports,W00,World,85,"Electrical machinery and equipment and parts thereof; sound recorders and reproducers; television image and sound recorders and reproducers, parts and accessories of such articles",,1118151521.417,1118151521.417,0,False,2023-11-01,4
2023,12,202312,X,exports,W00,World,85,"Electrical machinery and equipment and parts thereof; sound recorders and reproducers; television image and sound recorders and reproducers, parts and accessories of such articles",,1087467899.794,1087467899.794,0,False,2023-12-01,4
2024,1,202401,X,exports,W00,World,85,"Electrical machinery and equipment and parts thereof; sound recorders and reproducers; television image and sound recorders and reproducers, parts and accessories of such articles",,1098222426.769,1098222426.769,0,False,2024-01-01,1
2024,2,202402,X,exports,W00,World,85,"Electrical machinery and equipment and parts thereof; sound recorders and reproducers; television image and sound recorders and reproducers, parts and accessories of such articles",,1168433179.347,1168433179.347,0,False,2024-02-01,1
2024,3,202403,X,exports,W00,World,85,"Electrical machinery and equipment and parts thereof; sound recorders and reproducers; television image and sound recorders and reproducers, parts and accessories of such articles",,1317321808.517,1317321808.517,0,False,2024-03-01,1
2024,4,202404,X,exports,W00,World,85,"Electrical machinery and equipment and parts thereof; sound recorders and reproducers; television image and sound recorders and reproducers, parts and accessories of such articles",,991170686.25,991170686.25,0,False,2024-04-01,2
2024,5,202405,X,exports,W00,World,85,"Electrical machinery and equipment and parts thereof; sound recorders and reproducers; television image and sound recorders and reproducers, parts and accessories of such articles",,1285723582.932,1285723582.932,0,False,2024-05-01,2
2024,6,202406,X,exports,W00,World,85,"Electrical machinery and equipment and parts thereof; sound recorders and reproducers; television image and sound recorders and reproducers, parts and accessories of such articles",,1136821362.623,1136821362.623,0,False,2024-06-01,2
2024,7,202407,X,exports,W00,World,85,"Electrical machinery and equipment and parts thereof; sound recorders and reproducers; television image and sound recorders and reproducers, parts and accessories of such articles",,1308164517.405,1308164517.405,0,False,2024-07-01,3
2024,8,202408,X,exports,W00,World,85,"Electrical machinery and equipment and parts thereof; sound recorders and reproducers; television image and sound recorders and reproducers, parts and accessories of such articles",,1469981817.319,1469981817.319,0,False,2024-08-01,3
2024,9,202409,X,exports,W00,World,85,"Electrical machinery and equipment and parts thereof; sound recorders and reproducers; television image and sound recorders and reproducers, parts and accessories of such articles",,1285258544.855,1285258544.855,0,False,2024-09-01,3
2024,10,202410,X,exports,W00,World,85,"Electrical machinery and equipment and parts thereof; sound recorders and reproducers; television image and sound recorders and reproducers, parts and accessories of such articles",,1410348889.062,1410348889.062,0,False,2024-10-01,4
2024,11,202411,X,exports,W00,World,85,"Electrical machinery and equipment and parts thereof; sound recorders and reproducers; television image and sound recorders and reproducers, parts and accessories of such articles",,1345399340.688,1345399340.688,0,False,2024-11-01,4
2024,12,202412,X,exports,W00,World,85,"Electrical machinery and equipment and parts thereof; sound recorders and reproducers; television image and sound recorders and reproducers, parts and accessories of such articles",,1349055455.476,1349055455.476,0,False,2024-12-01,4
2015,1,201501,M,imports,W00,World,85,"Electrical machinery and equipment and parts thereof; sound recorders and reproducers; television image and sound recorders and reproducers, parts and accessories of such articles",1330219038.0,0.0,1330219038.0,0,False,2015-01-01,1
2015,2,201502,M,imports,W00,World,85,"Electrical machinery and equipment and parts thereof; sound recorders and reproducers; television image and sound recorders and reproducers, parts and accessories of such articles",1248209133.0,0.0,1248209133.0,0,False,2015-02-01,1
2015,3,201503,M,imports,W00,World,85,"Electrical machinery and equipment and parts thereof; sound recorders and reproducers; television image and sound recorders and reproducers, parts and accessories of such articles",1331189871.0,0.0,1331189871.0,0,False,2015-03-01,1
2015,4,201504,M,imports,W00,World,85,"Electrical machinery and equipment and parts thereof; sound recorders and reproducers; television image and sound recorders and reproducers, parts and accessories of such articles",1371156941.0,0.0,1371156941.0,0,False,2015-04-01,2
2015,5,201505,M,imports,W00,World,85,"Electrical machinery and equipment and parts thereof; sound recorders and reproducers; television image and sound recorders and reproducers, parts and accessories of such articles",1214567184.0,0.0,1214567184.0,0,False,2015-05-01,2
2015,6,201506,M,imports,W00,World,85,"Electrical machinery and equipment and parts thereof; sound recorders and reproducers; television image and sound recorders and reproducers, parts and accessories of such articles",1375134853.0,0.0,1375134853.0,0,False,2015-06-01,2
2015,7,201507,M,imports,W00,World,85,"Electrical machinery and equipment and parts thereof; sound recorders and reproducers; television image and sound recorders and reproducers, parts and accessories of such articles",1049781214.0,0.0,1049781214.0,0,False,2015-07-01,3
2015,8,201508,M,imports,W00,World,85,"Electrical machinery and equipment and parts thereof; sound recorders and reproducers; television image and sound recorders and reproducers, parts and accessories of such articles",1264724311.0,0.0,1264724311.0,0,False,2015-08-01,3
2015,9,201509,M,imports,W00,World,85,"Electrical machinery and equipment and parts thereof; sound recorders and reproducers; television image and sound recorders and reproducers, parts and accessories of such articles",1293053381.0,0.0,1293053381.0,0,False,2015-09-01,3
2015,10,201510,M,imports,W00,World,85,"Electrical machinery and equipment and parts thereof; sound recorders and reproducers; television image and sound recorders and reproducers, parts and accessories of such articles",1247305059.0,0.0,1247305059.0,0,False,2015-10-01,4
2015,11,201511,M,imports,W00,World,85,"Electrical machinery and equipment and parts thereof; sound recorders and reproducers; television image and sound recorders and reproducers, parts and accessories of such articles",1402369940.0,0.0,1402369940.0,0,False,2015-11-01,4
2015,12,201512,M,imports,W00,World,85,"Electrical machinery and equipment and parts thereof; sound recorders and reproducers; television image and sound recorders and reproducers, parts and accessories of such articles",1390571346.0,0.0,1390571346.0,0,False,2015-12-01,4
2016,1,201601,M,imports,W00,World,85,"Electrical machinery and equipment and parts thereof; sound recorders and reproducers; television image and sound recorders and reproducers, parts and accessories of such articles",1109219553.0,0.0,1109219553.0,0,False,2016-01-01,1
2016,2,201602,M,imports,W00,World,85,"Electrical machinery and equipment and parts thereof; sound recorders and reproducers; television image and sound recorders and reproducers, parts and accessories of such articles",1170366494.0,0.0,1170366494.0,0,False,2016-02-01,1
2016,3,201603,M,imports,W00,World,85,"Electrical machinery and equipment and parts thereof; sound recorders and reproducers; television image and sound recorders and reproducers, parts and accessories of such articles",1252236678.0,0.0,1252236678.0,0,False,2016-03-01,1
2016,4,201604,M,imports,W00,World,85,"Electrical machinery and equipment and parts thereof; sound recorders and reproducers; television image and sound recorders and reproducers, parts and accessories of such articles",1271311398.0,0.0,1271311398.0,0,False,2016-04-01,2
2016,5,201605,M,imports,W00,World,85,"Electrical machinery and equipment and parts thereof; sound recorders and reproducers; television image and sound recorders and reproducers, parts and accessories of such articles",1249312918.0,0.0,1249312918.0,0,False,2016-05-01,2
2016,6,201606,M,imports,W00,World,85,"Electrical machinery and equipment and parts thereof; sound recorders and reproducers; television image and sound recorders and reproducers, parts and accessories of such articles",1304196149.0,0.0,1304196149.0,0,False,2016-06-01,2
2016,7,201607,M,imports,W00,World,85,"Electrical machinery and equipment and parts thereof; sound recorders and reproducers; television image and sound recorders and reproducers, parts and accessories of such articles",965866500.0,0.0,965866500.0,0,False,2016-07-01,3
2016,8,201608,M,imports,W00,World,85,"Electrical machinery and equipment and parts thereof; sound recorders and reproducers; television image and sound recorders and reproducers, parts and accessories of such articles",1359680881.0,0.0,1359680881.0,0,False,2016-08-01,3
2016,9,201609,M,imports,W00,World,85,"Electrical machinery and equipment and parts thereof; sound recorders and reproducers; television image and sound recorders and reproducers, parts and accessories of such articles",1295433489.0,0.0,1295433489.0,0,False,2016-09-01,3
2016,10,201610,M,imports,W00,World,85,"Electrical machinery and equipment and parts thereof; sound recorders and reproducers; television image and sound recorders and reproducers, parts and accessories of such articles",1380641752.0,0.0,1380641752.0,0,False,2016-10-01,4
2016,11,201611,M,imports,W00,World,85,"Electrical machinery and equipment and parts thereof; sound recorders and reproducers; television image and sound recorders and reproducers, parts and accessories of such articles",1585130754.0,0.0,1585130754.0,0,False,2016-11-01,4
2016,12,201612,M,imports,W00,World,85,"Electrical machinery and equipment and parts thereof; sound recorders and reproducers; television image and sound recorders and reproducers, parts and accessories of such articles",1487499055.0,0.0,1487499055.0,0,False,2016-12-01,4
2017,1,201701,M,imports,W00,World,85,"Electrical machinery and equipment and parts thereof; sound recorders and reproducers; television image and sound recorders and reproducers, parts and accessories of such articles",1356946649.0,0.0,1356946649.0,0,False,2017-01-01,1
2017,2,201702,M,imports,W00,World,85,"Electrical machinery and equipment and parts thereof; sound recorders and reproducers; television image and sound recorders and reproducers, parts and accessories of such articles",1084057537.0,0.0,1084057537.0,0,False,2017-02-01,1
2017,3,201703,M,imports,W00,World,85,"Electrical machinery and equipment and parts thereof; sound recorders and reproducers; television image and sound recorders and reproducers, parts and accessories of such articles",1475297139.0,0.0,1475297139.0,0,False,2017-03-01,1
2017,4,201704,M,imports,W00,World,85,"Electrical machinery and equipment and parts thereof; sound recorders and reproducers; television image and sound recorders and reproducers, parts and accessories of such articles",1441082659.0,,1441082659.0,0,False,2017-04-01,2
2017,5,201705,M,imports,W00,World,85,"Electrical machinery and equipment and parts thereof; sound recorders and reproducers; television image and sound recorders and reproducers, parts and accessories of such articles",1590733892.0,0.0,1590733892.0,0,False,2017-05-01,2
2017,6,201706,M,imports,W00,World,85,"Electrical machinery and equipment and parts thereof; sound recorders and reproducers; television image and sound recorders and reproducers, parts and accessories of such articles",1033913095.0,,1033913095.0,0,False,2017-06-01,2
2017,7,201707,M,imports,W00,World,85,"Electrical machinery and equipment and parts thereof; sound recorders and reproducers; television image and sound recorders and reproducers, parts and accessories of such articles",1557189583.0,0.0,1557189583.0,0,False,2017-07-01,3
2017,8,201708,M,imports,W00,World,85,"Electrical machinery and equipment and parts thereof; sound recorders and reproducers; television image and sound recorders and reproducers, parts and accessories of such articles",1575129757.0,0.0,1575129757.0,0,False,2017-08-01,3
2017,9,201709,M,imports,W00,World,85,"Electrical machinery and equipment and parts thereof; sound recorders and reproducers; television image and sound recorders and reproducers, parts and accessories of such articles",1570210453.0,0.0,1570210453.0,0,False,2017-09-01,3
2017,10,201710,M,imports,W00,World,85,"Electrical machinery and equipment and parts thereof; sound recorders and reproducers; television image and sound recorders and reproducers, parts and accessories of such articles",1626493039.0,0.0,1626493039.0,0,False,2017-10-01,4
2017,11,201711,M,imports,W00,World,85,"Electrical machinery and equipment and parts thereof; sound recorders and reproducers; television image and sound recorders and reproducers, parts and accessories of such articles",1800726687.0,0.0,1800726687.0,0,False,2017-11-01,4
2017,12,201712,M,imports,W00,World,85,"Electrical machinery and equipment and parts thereof; sound recorders and reproducers; television image and sound recorders and reproducers, parts and accessories of such articles",1819980590.0,0.0,1819980590.0,0,False,2017-12-01,4
2018,1,201801,M,imports,W00,World,85,"Electrical machinery and equipment and parts thereof; sound recorders and reproducers; television image and sound recorders and reproducers, parts and accessories of such articles",1915179197.0,0.0,1915179197.0,0,False,2018-01-01,1
2018,2,201802,M,imports,W00,World,85,"Electrical machinery and equipment and parts thereof; sound recorders and reproducers; television image and sound recorders and reproducers, parts and accessories of such articles",1666311245.0,0.0,1666311245.0,0,False,2018-02-01,1
2018,3,201803,M,imports,W00,World,85,"Electrical machinery and equipment and parts thereof; sound recorders and reproducers; television image and sound recorders and reproducers, parts and accessories of such articles",1511071936.0,0.0,1511071936.0,0,False,2018-03-01,1
2018,4,201804,M,imports,W00,World,85,"Electrical machinery and equipment and parts thereof; sound recorders and reproducers; television image and sound recorders and reproducers, parts and accessories of such articles",1832871189.0,0.0,1832871189.0,0,False,2018-04-01,2
2018,5,201805,M,imports,W00,World,85,"Electrical machinery and equipment and parts thereof; sound recorders and reproducers; television image and sound recorders and reproducers, parts and accessories of such articles",1969795748.0,0.0,1969795748.0,0,False,2018-05-01,2
2018,6,201806,M,imports,W00,World,85,"Electrical machinery and equipment and parts thereof; sound recorders and reproducers; television image and sound recorders and reproducers, parts and accessories of such articles",1271629993.0,0.0,1271629993.0,0,False,2018-06-01,2
2018,7,201807,M,imports,W00,World,85,"Electrical machinery and equipment and parts thereof; sound recorders and reproducers; television image and sound recorders and reproducers, parts and accessories of such articles",2026076465.0,0.0,2026076465.0,0,False,2018-07-01,3
2018,8,201808,M,imports,W00,World,85,"Electrical machinery and equipment and parts thereof; sound recorders and reproducers; television image and sound recorders and reproducers, parts and accessories of such articles",1963250965.0,0.0,1963250965.0,0,False,2018-08-01,3
2018,9,201809,M,imports,W00,World,85,"Electrical machinery and equipment and parts thereof; sound recorders and reproducers; television image and sound recorders and reproducers, parts and accessories of such articles",1696561876.0,0.0,1696561876.0,0,False,2018-09-01,3
2018,10,201810,M,imports,W00,World,85,"Electrical machinery and equipment and parts thereof; sound recorders and reproducers; television image and sound recorders and reproducers, parts and accessories of such articles",2003652423.0,0.0,2003652423.0,0,False,2018-10-01,4
2018,11,201811,M,imports,W00,World,85,"Electrical machinery and equipment and parts thereof; sound recorders and reproducers; television image and sound recorders and reproducers, parts and accessories of such articles",1803658905.0,0.0,1803658905.0,0,False,2018-11-01,4
2018,12,201812,M,imports,W00,World,85,"Electrical machinery and equipment and parts thereof; sound recorders and reproducers; television image and sound recorders and reproducers, parts and accessories of such articles",1787512097.0,0.0,1787512097.0,0,False,2018-12-01,4
2019,1,201901,M,imports,W00,World,85,"Electrical machinery and equipment and parts thereof; sound recorders and reproducers; television image and sound recorders and reproducers, parts and accessories of such articles",1724037463.0,0.0,1724037463.0,0,False,2019-01-01,1
2019,2,201902,M,imports,W00,World,85,"Electrical machinery and equipment and parts thereof; sound recorders and reproducers; television image and sound recorders and reproducers, parts and accessories of such articles",1369614706.0,0.0,1369614706.0,0,False,2019-02-01,1
2019,3,201903,M,imports,W00,World,85,"Electrical machinery and equipment and parts thereof; sound recorders and reproducers; television image and sound recorders and reproducers, parts and accessories of such articles",1602140649.0,0.0,1602140649.0,0,False,2019-03-01,1
2019,4,201904,M,imports,W00,World,85,"Electrical machinery and equipment and parts thereof; sound recorders and reproducers; television image and sound recorders and reproducers, parts and accessories of such articles",1826018879.0,0.0,1826018879.0,0,False,2019-04-01,2
2019,5,201905,M,imports,W00,World,85,"Electrical machinery and equipment and parts thereof; sound recorders and reproducers; television image and sound recorders and reproducers, parts and accessories of such articles",1656790854.0,0.0,1656790854.0,0,False,2019-05-01,2
2019,6,201906,M,imports,W00,World,85,"Electrical machinery and equipment and parts thereof; sound recorders and reproducers; television image and sound recorders and reproducers, parts and accessories of such articles",1201474979.0,0.0,1201474979.0,0,False,2019-06-01,2
2019,7,201907,M,imports,W00,World,85,"Electrical machinery and equipment and parts thereof; sound recorders and reproducers; television image and sound recorders and reproducers, parts and accessories of such articles",1837183633.0,0.0,1837183633.0,0,False,2019-07-01,3
2019,8,201908,M,imports,W00,World,85,"Electrical machinery and equipment and parts thereof; sound recorders and reproducers; television image and sound recorders and reproducers, parts and accessories of such articles",1671819829.0,0.0,1671819829.0,0,False,2019-08-01,3
2019,9,201909,M,imports,W00,World,85,"Electrical machinery and equipment and parts thereof; sound recorders and reproducers; television image and sound recorders and reproducers, parts and accessories of such articles",1692276319.0,0.0,1692276319.0,0,False,2019-09-01,3
2019,10,201910,M,imports,W00,World,85,"Electrical machinery and equipment and parts thereof; sound recorders and reproducers; television image and sound recorders and reproducers, parts and accessories of such articles",1804733947.0,0.0,1804733947.0,0,False,2019-10-01,4
2019,11,201911,M,imports,W00,World,85,"Electrical machinery and equipment and parts thereof; sound recorders and reproducers; television image and sound recorders and reproducers, parts and accessories of such articles",1951530406.0,0.0,1951530406.0,0,False,2019-11-01,4
2019,12,201912,M,imports,W00,World,85,"Electrical machinery and equipment and parts thereof; sound recorders and reproducers; television image and sound recorders and reproducers, parts and accessories of such articles",1722920218.0,0.0,1722920218.0,0,False,2019-12-01,4
2020,1,202001,M,imports,W00,World,85,"Electrical machinery and equipment and parts thereof; sound recorders and reproducers; television image and sound recorders and reproducers, parts and accessories of such articles",1727001517.0,0.0,1727001517.0,0,False,2020-01-01,1
2020,2,202002,M,imports,W00,World,85,"Electrical machinery and equipment and parts thereof; sound recorders and reproducers; television image and sound recorders and reproducers, parts and accessories of such articles",1187837847.0,0.0,1187837847.0,0,False,2020-02-01,1
2020,3,202003,M,imports,W00,World,85,"Electrical machinery and equipment and parts thereof; sound recorders and reproducers; television image and sound recorders and reproducers, parts and accessories of such articles",1610718699.0,0.0,1610718699.0,0,False,2020-03-01,1
2020,4,202004,M,imports,W00,World,85,"Electrical machinery and equipment and parts thereof; sound recorders and reproducers; television image and sound recorders and reproducers, parts and accessories of such articles",1667298806.0,0.0,1667298806.0,0,False,2020-04-01,2
2020,5,202005,M,imports,W00,World,85,"Electrical machinery and equipment and parts thereof; sound recorders and reproducers; television image and sound recorders and reproducers, parts and accessories of such articles",1141391619.0,0.0,1141391619.0,0,False,2020-05-01,2
2020,6,202006,M,imports,W00,World,85,"Electrical machinery and equipment and parts thereof; sound recorders and reproducers; television image and sound recorders and reproducers, parts and accessories of such articles",1400480732.0,0.0,1400480732.0,0,False,2020-06-01,2
2020,7,202007,M,imports,W00,World,85,"Electrical machinery and equipment and parts thereof; sound recorders and reproducers; television image and sound recorders and reproducers, parts and accessories of such articles",1621211665.0,0.0,1621211665.0,0,False,2020-07-01,3
2020,8,202008,M,imports,W00,World,85,"Electrical machinery and equipment and parts thereof; sound recorders and reproducers; television image and sound recorders and reproducers, parts and accessories of such articles",1607813952.0,0.0,1607813952.0,0,False,2020-08-01,3
2020,9,202009,M,imports,W00,World,85,"Electrical machinery and equipment and parts thereof; sound recorders and reproducers; television image and sound recorders and reproducers, parts and accessories of such articles",1688928850.0,0.0,1688928850.0,0,False,2020-09-01,3
2020,10,202010,M,imports,W00,World,85,"Electrical machinery and equipment and parts thereof; sound recorders and reproducers; television image and sound recorders and reproducers, parts and accessories of such articles",1488018725.0,0.0,1488018725.0,0,False,2020-10-01,4
2020,11,202011,M,imports,W00,World,85,"Electrical machinery and equipment and parts thereof; sound recorders and reproducers; television image and sound recorders and reproducers, parts and accessories of such articles",1842428328.0,0.0,1842428328.0,0,False,2020-11-01,4
2020,12,202012,M,imports,W00,World,85,"Electrical machinery and equipment and parts thereof; sound recorders and reproducers; television image and sound recorders and reproducers, parts and accessories of such articles",2044786344.0,0.0,2044786344.0,0,False,2020-12-01,4
2021,1,202101,M,imports,W00,World,85,"Electrical machinery and equipment and parts thereof; sound recorders and reproducers; television image and sound recorders and reproducers, parts and accessories of such articles",1722299649.0,,1722299649.0,0,False,2021-01-01,1
2021,2,202102,M,imports,W00,World,85,"Electrical machinery and equipment and parts thereof; sound recorders and reproducers; television image and sound recorders and reproducers, parts and accessories of such articles",1895058605.0,,1895058605.0,0,False,2021-02-01,1
2021,3,202103,M,imports,W00,World,85,"Electrical machinery and equipment and parts thereof; sound recorders and reproducers; television image and sound recorders and reproducers, parts and accessories of such articles",1944623780.0,,1944623780.0,0,False,2021-03-01,1
2021,4,202104,M,imports,W00,World,85,"Electrical machinery and equipment and parts thereof; sound recorders and reproducers; television image and sound recorders and reproducers, parts and accessories of such articles",2077816469.0,,2077816469.0,0,False,2021-04-01,2
2021,5,202105,M,imports,W00,World,85,"Electrical machinery and equipment and parts thereof; sound recorders and reproducers; television image and sound recorders and reproducers, parts and accessories of such articles",1655844384.0,,1655844384.0,0,False,2021-05-01,2
2021,6,202106,M,imports,W00,World,85,"Electrical machinery and equipment and parts thereof; sound recorders and reproducers; television image and sound recorders and reproducers, parts and accessories of such articles",1786982692.0,,1786982692.0,0,False,2021-06-01,2
2021,7,202107,M,imports,W00,World,85,"Electrical machinery and equipment and parts thereof; sound recorders and reproducers; television image and sound recorders and reproducers, parts and accessories of such articles",1708511603.0,,1708511603.0,0,False,2021-07-01,3
2021,8,202108,M,imports,W00,World,85,"Electrical machinery and equipment and parts thereof; sound recorders and reproducers; television image and sound recorders and reproducers, parts and accessories of such articles",1872472074.0,,1872472074.0,0,False,2021-08-01,3
2021,9,202109,M,imports,W00,World,85,"Electrical machinery and equipment and parts thereof; sound recorders and reproducers; television image and sound recorders and reproducers, parts and accessories of such articles",1749836178.0,,1749836178.0,0,False,2021-09-01,3
2021,10,202110,M,imports,W00,World,85,"Electrical machinery and equipment and parts thereof; sound recorders and reproducers; television image and sound recorders and reproducers, parts and accessories of such articles",1661365525.0,,1661365525.0,0,False,2021-10-01,4
2021,11,202111,M,imports,W00,World,85,"Electrical machinery and equipment and parts thereof; sound recorders and reproducers; television image and sound recorders and reproducers, parts and accessories of such articles",2088941794.0,,2088941794.0,0,False,2021-11-01,4
2021,12,202112,M,imports,W00,World,85,"Electrical machinery and equipment and parts thereof; sound recorders and reproducers; television image and sound recorders and reproducers, parts and accessories of such articles",2177173908.0,,2177173908.0,0,False,2021-12-01,4
2022,1,202201,M,imports,W00,World,85,"Electrical machinery and equipment and parts thereof; sound recorders and reproducers; television image and sound recorders and reproducers, parts and accessories of such articles",2157561856.0,,2157561856.0,0,False,2022-01-01,1
2022,2,202202,M,imports,W00,World,85,"Electrical machinery and equipment and parts thereof; sound recorders and reproducers; television image and sound recorders and reproducers, parts and accessories of such articles",1853604615.0,,1853604615.0,0,False,2022-02-01,1
2022,3,202203,M,imports,W00,World,85,"Electrical machinery and equipment and parts thereof; sound recorders and reproducers; television image and sound recorders and reproducers, parts and accessories of such articles",2363033466.0,,2363033466.0,0,False,2022-03-01,1
2022,4,202204,M,imports,W00,World,85,"Electrical machinery and equipment and parts thereof; sound recorders and reproducers; television image and sound recorders and reproducers, parts and accessories of such articles",2291187752.0,,2291187752.0,0,False,2022-04-01,2
2022,5,202205,M,imports,W00,World,85,"Electrical machinery and equipment and parts thereof; sound recorders and reproducers; television image and sound recorders and reproducers, parts and accessories of such articles",2030467567.0,,2030467567.0,0,False,2022-05-01,2
2022,6,202206,M,imports,W00,World,85,"Electrical machinery and equipment and parts thereof; sound recorders and reproducers; television image and sound recorders and reproducers, parts and accessories of such articles",2164129645.0,,2164129645.0,0,False,2022-06-01,2
2022,7,202207,M,imports,W00,World,85,"Electrical machinery and equipment and parts thereof; sound recorders and reproducers; television image and sound recorders and reproducers, parts and accessories of such articles",2327907369.0,,2327907369.0,0,False,2022-07-01,3
2022,8,202208,M,imports,W00,World,85,"Electrical machinery and equipment and parts thereof; sound recorders and reproducers; television image and sound recorders and reproducers, parts and accessories of such articles",2564533940.0,,2564533940.0,0,False,2022-08-01,3
2022,9,202209,M,imports,W00,World,85,"Electrical machinery and equipment and parts thereof; sound recorders and reproducers; television image and sound recorders and reproducers, parts and accessories of such articles",2268174241.0,,2268174241.0,0,False,2022-09-01,3
2022,10,202210,M,imports,W00,World,85,"Electrical machinery and equipment and parts thereof; sound recorders and reproducers; television image and sound recorders and reproducers, parts and accessories of such articles",2095022623.0,,2095022623.0,0,False,2022-10-01,4
2022,11,202211,M,imports,W00,World,85,"Electrical machinery and equipment and parts thereof; sound recorders and reproducers; television image and sound recorders and reproducers, parts and accessories of such articles",2188162777.0,,2188162777.0,0,False,2022-11-01,4
2022,12,202212,M,imports,W00,World,85,"Electrical machinery and equipment and parts thereof; sound recorders and reproducers; television image and sound recorders and reproducers, parts and accessories of such articles",2122083452.0,,2122083452.0,0,False,2022-12-01,4
2023,1,202301,M,imports,W00,World,85,"Electrical machinery and equipment and parts thereof; sound recorders and reproducers; television image and sound recorders and reproducers, parts and accessories of such articles",2344532231.0,,2344532231.0,0,False,2023-01-01,1
2023,2,202302,M,imports,W00,World,85,"Electrical machinery and equipment and parts thereof; sound recorders and reproducers; television image and sound recorders and reproducers, parts and accessories of such articles",1990252879.0,,1990252879.0,0,False,2023-02-01,1
2023,3,202303,M,imports,W00,World,85,"Electrical machinery and equipment and parts thereof; sound recorders and reproducers; television image and sound recorders and reproducers, parts and accessories of such articles",2570925105.0,,2570925105.0,0,False,2023-03-01,1
2023,4,202304,M,imports,W00,World,85,"Electrical machinery and equipment and parts thereof; sound recorders and reproducers; television image and sound recorders and reproducers, parts and accessories of such articles",1747773811.0,,1747773811.0,0,False,2023-04-01,2
2023,5,202305,M,imports,W00,World,85,"Electrical machinery and equipment and parts thereof; sound recorders and reproducers; television image and sound recorders and reproducers, parts and accessories of such articles",2431768185.0,,2431768185.0,0,False,2023-05-01,2
2023,6,202306,M,imports,W00,World,85,"Electrical machinery and equipment and parts thereof; sound recorders and reproducers; television image and sound recorders and reproducers, parts and accessories of such articles",1982661857.0,,1982661857.0,0,False,2023-06-01,2
2023,7,202307,M,imports,W00,World,85,"Electrical machinery and equipment and parts thereof; sound recorders and reproducers; television image and sound recorders and reproducers, parts and accessories of such articles",2318864512.0,,2318864512.0,0,False,2023-07-01,3
2023,8,202308,M,imports,W00,World,85,"Electrical machinery and equipment and parts thereof; sound recorders and reproducers; television image and sound recorders and reproducers, parts and accessories of such articles",2266235542.0,,2266235542.0,0,False,2023-08-01,3
2023,9,202309,M,imports,W00,World,85,"Electrical machinery and equipment and parts thereof; sound recorders and reproducers; television image and sound recorders and reproducers, parts and accessories of such articles",1850836485.0,,1850836485.0,0,False,2023-09-01,3
2023,10,202310,M,imports,W00,World,85,"Electrical machinery and equipment and parts thereof; sound recorders and reproducers; television image and sound recorders and reproducers, parts and accessories of such articles",2236237012.0,,2236237012.0,0,False,2023-10-01,4
2023,11,202311,M,imports,W00,World,85,"Electrical machinery and equipment and parts thereof; sound recorders and reproducers; television image and sound recorders and reproducers, parts and accessories of such articles",2235248652.0,,2235248652.0,0,False,2023-11-01,4
2023,12,202312,M,imports,W00,World,85,"Electrical machinery and equipment and parts thereof; sound recorders and reproducers; television image and sound recorders and reproducers, parts and accessories of such articles",1968264190.0,,1968264190.0,0,False,2023-12-01,4
2024,1,202401,M,imports,W00,World,85,"Electrical machinery and equipment and parts thereof; sound recorders and reproducers; television image and sound recorders and reproducers, parts and accessories of such articles",2315437810.0,,2315437810.0,0,False,2024-01-01,1
2024,2,202402,M,imports,W00,World,85,"Electrical machinery and equipment and parts thereof; sound recorders and reproducers; television image and sound recorders and reproducers, parts and accessories of such articles",2260790007.0,,2260790007.0,0,False,2024-02-01,1
2024,3,202403,M,imports,W00,World,85,"Electrical machinery and equipment and parts thereof; sound recorders and reproducers; television image and sound recorders and reproducers, parts and accessories of such articles",2291047348.0,,2291047348.0,0,False,2024-03-01,1
2024,4,202404,M,imports,W00,World,85,"Electrical machinery and equipment and parts thereof; sound recorders and reproducers; television image and sound recorders and reproducers, parts and accessories of such articles",2157333938.0,,2157333938.0,0,False,2024-04-01,2
2024,5,202405,M,imports,W00,World,85,"Electrical machinery and equipment and parts thereof; sound recorders and reproducers; television image and sound recorders and reproducers, parts and accessories of such articles",2257177382.0,,2257177382.0,0,False,2024-05-01,2
2024,6,202406,M,imports,W00,World,85,"Electrical machinery and equipment and parts thereof; sound recorders and reproducers; television image and sound recorders and reproducers, parts and accessories of such articles",2003044565.0,,2003044565.0,0,False,2024-06-01,2
2024,7,202407,M,imports,W00,World,85,"Electrical machinery and equipment and parts thereof; sound recorders and reproducers; television image and sound recorders and reproducers, parts and accessories of such articles",2377530134.0,,2377530134.0,0,False,2024-07-01,3
2024,8,202408,M,imports,W00,World,85,"Electrical machinery and equipment and parts thereof; sound recorders and reproducers; television image and sound recorders and reproducers, parts and accessories of such articles",2375554663.0,,2375554663.0,0,False,2024-08-01,3
2024,9,202409,M,imports,W00,World,85,"Electrical machinery and equipment and parts thereof; sound recorders and reproducers; television image and sound recorders and reproducers, parts and accessories of such articles",2030434537.0,,2030434537.0,0,False,2024-09-01,3
2024,10,202410,M,imports,W00,World,85,"Electrical machinery and equipment and parts thereof; sound recorders and reproducers; television image and sound recorders and reproducers, parts and accessories of such articles",2625055809.0,,2625055809.0,0,False,2024-10-01,4
2024,11,202411,M,imports,W00,World,85,"Electrical machinery and equipment and parts thereof; sound recorders and reproducers; television image and sound recorders and reproducers, parts and accessories of such articles",2206431616.0,,2206431616.0,0,False,2024-11-01,4
2024,12,202412,M,imports,W00,World,85,"Electrical machinery and equipment and parts thereof; sound recorders and reproducers; television image and sound recorders and reproducers, parts and accessories of such articles",2285249578.0,,2285249578.0,0,False,2024-12-01,4
