year,partner_iso,partner_name,flow_label,annual_trade_value_usd,country_name,lpi_overall,lpi_customs,lpi_infrastructure,lpi_international_shipments,lpi_logistics_competence,lpi_tracking_tracing,lpi_timeliness
2015,CHN,China,exports,336579559.819,China,3.661104,3.318883,3.752359,3.704961,3.620071,3.676702,3.896284
2015,CHN,China,imports,6318392444.0,China,3.661104,3.318883,3.752359,3.704961,3.620071,3.676702,3.896284
2015,DEU,Germany,exports,177435973.226,Germany,4.225967,4.123067,4.439356,3.857241,4.27905,4.26539,4.453368
2015,DEU,Germany,imports,379845897.0,Germany,4.225967,4.123067,4.439356,3.857241,4.27905,4.26539,4.453368
2015,JPN,Japan,exports,1145107999.851,Japan,3.970464,3.848448,4.096887,3.694508,3.990233,4.029946,4.206616
2015,JPN,Japan,imports,1393912389.0,Japan,3.970464,3.848448,4.096887,3.694508,3.990233,4.029946,4.206616
2015,KOR,South Korea,exports,305321622.674,South Korea,3.717126,3.453085,3.790535,3.582513,3.690245,3.783652,4.025192
2015,KOR,South Korea,imports,776951203.0,South Korea,3.717126,3.453085,3.790535,3.582513,3.690245,3.783652,4.025192
2015,MYS,Malaysia,exports,316439767.849,Malaysia,3.426307,3.167154,3.447615,3.482079,3.342215,3.461243,3.652954
2015,MYS,Malaysia,imports,592148266.0,Malaysia,3.426307,3.167154,3.447615,3.482079,3.342215,3.461243,3.652954
2015,PHL,Philippines,exports,118482924.187,Philippines,2.856259,2.608477,2.550097,3.013986,2.701612,2.855944,3.348485
2015,PHL,Philippines,imports,130601507.0,Philippines,2.856259,2.608477,2.550097,3.013986,2.701612,2.855944,3.348485
2015,SGP,Singapore,exports,1662409014.334,Singapore,4.143632,4.178941,4.20396,3.956593,4.09353,4.047371,4.395202
2015,SGP,Singapore,imports,1755668134.0,Singapore,4.143632,4.178941,4.20396,3.956593,4.09353,4.047371,4.395202
2015,THA,Thailand,exports,370115412.343,Thailand,3.2551,3.105066,3.12367,3.36694,3.135446,3.20362,3.559929
2015,THA,Thailand,imports,506815255.0,Thailand,3.2551,3.105066,3.12367,3.36694,3.135446,3.20362,3.559929
2015,USA,United States,exports,1231192842.344,United States,3.992172,3.752486,4.152011,3.650306,4.014226,4.200025,4.250527
2015,USA,United States,imports,565730261.0,United States,3.992172,3.752486,4.152011,3.650306,4.014226,4.200025,4.250527
2015,VNM,Vietnam,exports,180992318.703,Viet Nam,2.976629,2.75055,2.695191,3.123474,2.882517,2.842922,3.498359
2015,VNM,Vietnam,imports,1081481459.0,Viet Nam,2.976629,2.75055,2.695191,3.123474,2.882517,2.842922,3.498359
2016,CHN,China,exports,316040683.57,China,3.661104,3.318883,3.752359,3.704961,3.620071,3.676702,3.896284
2016,CHN,China,imports,6402697977.0,China,3.661104,3.318883,3.752359,3.704961,3.620071,3.676702,3.896284
2016,DEU,Germany,exports,171564904.313,Germany,4.225967,4.123067,4.439356,3.857241,4.27905,4.26539,4.453368
2016,DEU,Germany,imports,383456708.0,Germany,4.225967,4.123067,4.439356,3.857241,4.27905,4.26539,4.453368
2016,JPN,Japan,exports,1131099134.685,Japan,3.970464,3.848448,4.096887,3.694508,3.990233,4.029946,4.206616
2016,JPN,Japan,imports,1528323698.0,Japan,3.970464,3.848448,4.096887,3.694508,3.990233,4.029946,4.206616
2016,KOR,South Korea,exports,270873608.64,South Korea,3.717126,3.453085,3.790535,3.582513,3.690245,3.783652,4.025192
2016,KOR,South Korea,imports,714732344.0,South Korea,3.717126,3.453085,3.790535,3.582513,3.690245,3.783652,4.025192
2016,MYS,Malaysia,exports,357536484.298,Malaysia,3.426307,3.167154,3.447615,3.482079,3.342215,3.461243,3.652954
2016,MYS,Malaysia,imports,585348537.0,Malaysia,3.426307,3.167154,3.447615,3.482079,3.342215,3.461243,3.652954
2016,PHL,Philippines,exports,125585581.14199999,Philippines,2.856259,2.608477,2.550097,3.013986,2.701612,2.855944,3.348485
2016,PHL,Philippines,imports,145317595.0,Philippines,2.856259,2.608477,2.550097,3.013986,2.701612,2.855944,3.348485
2016,SGP,Singapore,exports,1569991955.224,Singapore,4.143632,4.178941,4.20396,3.956593,4.09353,4.047371,4.395202
2016,SGP,Singapore,imports,1631935643.0,Singapore,4.143632,4.178941,4.20396,3.956593,4.09353,4.047371,4.395202
2016,THA,Thailand,exports,328796253.824,Thailand,3.2551,3.105066,3.12367,3.36694,3.135446,3.20362,3.559929
2016,THA,Thailand,imports,525332796.0,Thailand,3.2551,3.105066,3.12367,3.36694,3.135446,3.20362,3.559929
2016,USA,United States,exports,1230581672.569,United States,3.992172,3.752486,4.152011,3.650306,4.014226,4.200025,4.250527
2016,USA,United States,imports,319078252.0,United States,3.992172,3.752486,4.152011,3.650306,4.014226,4.200025,4.250527
2016,VNM,Vietnam,exports,128224978.941,Viet Nam,2.976629,2.75055,2.695191,3.123474,2.882517,2.842922,3.498359
2016,VNM,Vietnam,imports,1223906495.0,Viet Nam,2.976629,2.75055,2.695191,3.123474,2.882517,2.842922,3.498359
2017,CHN,China,exports,361747887.88,China,3.661104,3.318883,3.752359,3.704961,3.620071,3.676702,3.896284
2017,CHN,China,imports,7869387114.0,China,3.661104,3.318883,3.752359,3.704961,3.620071,3.676702,3.896284
2017,DEU,Germany,exports,178598941.4,Germany,4.225967,4.123067,4.439356,3.857241,4.27905,4.26539,4.453368
2017,DEU,Germany,imports,381446268.0,Germany,4.225967,4.123067,4.439356,3.857241,4.27905,4.26539,4.453368
2017,JPN,Japan,exports,1324132696.5,Japan,3.970464,3.848448,4.096887,3.694508,3.990233,4.029946,4.206616
2017,JPN,Japan,imports,1732811440.0,Japan,3.970464,3.848448,4.096887,3.694508,3.990233,4.029946,4.206616
2017,KOR,South Korea,exports,279153406.23,South Korea,3.717126,3.453085,3.790535,3.582513,3.690245,3.783652,4.025192
2017,KOR,South Korea,imports,854850095.0,South Korea,3.717126,3.453085,3.790535,3.582513,3.690245,3.783652,4.025192
2017,MYS,Malaysia,exports,374399291.25,Malaysia,3.426307,3.167154,3.447615,3.482079,3.342215,3.461243,3.652954
2017,MYS,Malaysia,imports,708906994.0,Malaysia,3.426307,3.167154,3.447615,3.482079,3.342215,3.461243,3.652954
2017,PHL,Philippines,exports,157412964.16,Philippines,2.856259,2.608477,2.550097,3.013986,2.701612,2.855944,3.348485
2017,PHL,Philippines,imports,200479980.0,Philippines,2.856259,2.608477,2.550097,3.013986,2.701612,2.855944,3.348485
2017,SGP,Singapore,exports,1567298942.08,Singapore,4.143632,4.178941,4.20396,3.956593,4.09353,4.047371,4.395202
2017,SGP,Singapore,imports,1686561596.0,Singapore,4.143632,4.178941,4.20396,3.956593,4.09353,4.047371,4.395202
2017,THA,Thailand,exports,434674068.37,Thailand,3.2551,3.105066,3.12367,3.36694,3.135446,3.20362,3.559929
2017,THA,Thailand,imports,624780339.0,Thailand,3.2551,3.105066,3.12367,3.36694,3.135446,3.20362,3.559929
2017,USA,United States,exports,1021826715.0,United States,3.992172,3.752486,4.152011,3.650306,4.014226,4.200025,4.250527
2017,USA,United States,imports,349487280.0,United States,3.992172,3.752486,4.152011,3.650306,4.014226,4.200025,4.250527
2017,VNM,Vietnam,exports,167929677.23,Viet Nam,2.976629,2.75055,2.695191,3.123474,2.882517,2.842922,3.498359
2017,VNM,Vietnam,imports,1197268344.0,Viet Nam,2.976629,2.75055,2.695191,3.123474,2.882517,2.842922,3.498359
2018,CHN,China,exports,294696463.17,China,3.61,3.29,3.75,3.54,3.59,3.65,3.84
2018,CHN,China,imports,10061356532.0,China,3.61,3.29,3.75,3.54,3.59,3.65,3.84
2018,DEU,Germany,exports,183433499.49,Germany,4.2,4.09,4.37,3.86,4.31,4.24,4.39
2018,DEU,Germany,imports,604904317.0,Germany,4.2,4.09,4.37,3.86,4.31,4.24,4.39
2018,JPN,Japan,exports,1532956440.39,Japan,4.03,3.99,4.25,3.59,4.09,4.05,4.25
2018,JPN,Japan,imports,1706157706.0,Japan,4.03,3.99,4.25,3.59,4.09,4.05,4.25
2018,KOR,South Korea,exports,294522625.66,South Korea,3.61,3.4,3.73,3.33,3.59,3.75,3.92
2018,KOR,South Korea,imports,1077028071.0,South Korea,3.61,3.4,3.73,3.33,3.59,3.75,3.92
2018,MYS,Malaysia,exports,370594742.14,Malaysia,3.22,2.9,3.15,3.35,3.3,3.15,3.46
2018,MYS,Malaysia,imports,760734726.0,Malaysia,3.22,2.9,3.15,3.35,3.3,3.15,3.46
2018,PHL,Philippines,exports,172830272.26,Philippines,2.9,2.53,2.73,3.29,2.78,3.06,2.98
2018,PHL,Philippines,imports,273957344.0,Philippines,2.9,2.53,2.73,3.29,2.78,3.06,2.98
2018,SGP,Singapore,exports,1757897200.81,Singapore,4.0,3.89,4.06,3.58,4.1,4.08,4.32
2018,SGP,Singapore,imports,1705309051.0,Singapore,4.0,3.89,4.06,3.58,4.1,4.08,4.32
2018,THA,Thailand,exports,448270342.26,Thailand,3.41,3.14,3.14,3.46,3.41,3.47,3.81
2018,THA,Thailand,imports,751853136.0,Thailand,3.41,3.14,3.14,3.46,3.41,3.47,3.81
2018,USA,United States,exports,830173439.97,United States,3.89,3.78,4.05,3.51,3.87,4.09,4.08
2018,USA,United States,imports,390012956.0,United States,3.89,3.78,4.05,3.51,3.87,4.09,4.08
2018,VNM,Vietnam,exports,351469815.9,Viet Nam,3.27,2.95,3.01,3.16,3.4,3.45,3.67
2018,VNM,Vietnam,imports,881536005.0,Viet Nam,3.27,2.95,3.01,3.16,3.4,3.45,3.67
2019,CHN,China,exports,281783155.96,China,3.61,3.29,3.75,3.54,3.59,3.65,3.84
2019,CHN,China,imports,9223012455.0,China,3.61,3.29,3.75,3.54,3.59,3.65,3.84
2019,DEU,Germany,exports,131954258.618,Germany,4.2,4.09,4.37,3.86,4.31,4.24,4.39
2019,DEU,Germany,imports,329704356.0,Germany,4.2,4.09,4.37,3.86,4.31,4.24,4.39
2019,JPN,Japan,exports,1461476176.86,Japan,4.03,3.99,4.25,3.59,4.09,4.05,4.25
2019,JPN,Japan,imports,1478371684.0,Japan,4.03,3.99,4.25,3.59,4.09,4.05,4.25
2019,KOR,South Korea,exports,315898119.168,South Korea,3.61,3.4,3.73,3.33,3.59,3.75,3.92
2019,KOR,South Korea,imports,1004445653.0,South Korea,3.61,3.4,3.73,3.33,3.59,3.75,3.92
2019,MYS,Malaysia,exports,397158213.17899996,Malaysia,3.22,2.9,3.15,3.35,3.3,3.15,3.46
2019,MYS,Malaysia,imports,558719214.0,Malaysia,3.22,2.9,3.15,3.35,3.3,3.15,3.46
2019,PHL,Philippines,exports,251529982.376,Philippines,2.9,2.53,2.73,3.29,2.78,3.06,2.98
2019,PHL,Philippines,imports,144575457.0,Philippines,2.9,2.53,2.73,3.29,2.78,3.06,2.98
2019,SGP,Singapore,exports,1579864383.326,Singapore,4.0,3.89,4.06,3.58,4.1,4.08,4.32
2019,SGP,Singapore,imports,1992952386.0,Singapore,4.0,3.89,4.06,3.58,4.1,4.08,4.32
2019,THA,Thailand,exports,429607384.214,Thailand,3.41,3.14,3.14,3.46,3.41,3.47,3.81
2019,THA,Thailand,imports,682005178.0,Thailand,3.41,3.14,3.14,3.46,3.41,3.47,3.81
2019,USA,United States,exports,1110489834.045,United States,3.89,3.78,4.05,3.51,3.87,4.09,4.08
2019,USA,United States,imports,394733264.0,United States,3.89,3.78,4.05,3.51,3.87,4.09,4.08
2019,VNM,Vietnam,exports,413969488.998,Viet Nam,3.27,2.95,3.01,3.16,3.4,3.45,3.67
2019,VNM,Vietnam,imports,835191488.0,Viet Nam,3.27,2.95,3.01,3.16,3.4,3.45,3.67
2020,CHN,China,exports,355766323.974,China,3.61,3.29,3.75,3.54,3.59,3.65,3.84
2020,CHN,China,imports,9381176035.0,China,3.61,3.29,3.75,3.54,3.59,3.65,3.84
2020,DEU,Germany,exports,141481095.777,Germany,4.2,4.09,4.37,3.86,4.31,4.24,4.39
2020,DEU,Germany,imports,229555634.0,Germany,4.2,4.09,4.37,3.86,4.31,4.24,4.39
2020,JPN,Japan,exports,1323681461.51,Japan,4.03,3.99,4.25,3.59,4.09,4.05,4.25
2020,JPN,Japan,imports,1024689764.0,Japan,4.03,3.99,4.25,3.59,4.09,4.05,4.25
2020,KOR,South Korea,exports,370844545.343,South Korea,3.61,3.4,3.73,3.33,3.59,3.75,3.92
2020,KOR,South Korea,imports,900779243.0,South Korea,3.61,3.4,3.73,3.33,3.59,3.75,3.92
2020,MYS,Malaysia,exports,358767528.633,Malaysia,3.22,2.9,3.15,3.35,3.3,3.15,3.46
2020,MYS,Malaysia,imports,665919017.0,Malaysia,3.22,2.9,3.15,3.35,3.3,3.15,3.46
2020,PHL,Philippines,exports,197909859.82,Philippines,2.9,2.53,2.73,3.29,2.78,3.06,2.98
2020,PHL,Philippines,imports,145790686.0,Philippines,2.9,2.53,2.73,3.29,2.78,3.06,2.98
2020,SGP,Singapore,exports,1530217218.541,Singapore,4.0,3.89,4.06,3.58,4.1,4.08,4.32
2020,SGP,Singapore,imports,1776506496.0,Singapore,4.0,3.89,4.06,3.58,4.1,4.08,4.32
2020,THA,Thailand,exports,391472099.285,Thailand,3.41,3.14,3.14,3.46,3.41,3.47,3.81
2020,THA,Thailand,imports,453792846.0,Thailand,3.41,3.14,3.14,3.46,3.41,3.47,3.81
2020,USA,United States,exports,1807869276.473,United States,3.89,3.78,4.05,3.51,3.87,4.09,4.08
2020,USA,United States,imports,370345123.0,United States,3.89,3.78,4.05,3.51,3.87,4.09,4.08
2020,VNM,Vietnam,exports,351257833.578,Viet Nam,3.27,2.95,3.01,3.16,3.4,3.45,3.67
2020,VNM,Vietnam,imports,762333801.0,Viet Nam,3.27,2.95,3.01,3.16,3.4,3.45,3.67
2021,CHN,China,exports,383636391.56700003,China,3.61,3.29,3.75,3.54,3.59,3.65,3.84
2021,CHN,China,imports,11861352694.0,China,3.61,3.29,3.75,3.54,3.59,3.65,3.84
2021,DEU,Germany,exports,180544825.656,Germany,4.2,4.09,4.37,3.86,4.31,4.24,4.39
2021,DEU,Germany,imports,254781728.0,Germany,4.2,4.09,4.37,3.86,4.31,4.24,4.39
2021,JPN,Japan,exports,1532324023.788,Japan,4.03,3.99,4.25,3.59,4.09,4.05,4.25
2021,JPN,Japan,imports,1268424983.0,Japan,4.03,3.99,4.25,3.59,4.09,4.05,4.25
2021,KOR,South Korea,exports,777273483.635,South Korea,3.61,3.4,3.73,3.33,3.59,3.75,3.92
2021,KOR,South Korea,imports,1176615320.0,South Korea,3.61,3.4,3.73,3.33,3.59,3.75,3.92
2021,MYS,Malaysia,exports,297809187.134,Malaysia,3.22,2.9,3.15,3.35,3.3,3.15,3.46
2021,MYS,Malaysia,imports,575858279.0,Malaysia,3.22,2.9,3.15,3.35,3.3,3.15,3.46
2021,PHL,Philippines,exports,207444820.187,Philippines,2.9,2.53,2.73,3.29,2.78,3.06,2.98
2021,PHL,Philippines,imports,610712772.0,Philippines,2.9,2.53,2.73,3.29,2.78,3.06,2.98
2021,SGP,Singapore,exports,2143360596.639,Singapore,4.0,3.89,4.06,3.58,4.1,4.08,4.32
2021,SGP,Singapore,imports,1720728666.0,Singapore,4.0,3.89,4.06,3.58,4.1,4.08,4.32
2021,THA,Thailand,exports,414252031.549,Thailand,3.41,3.14,3.14,3.46,3.41,3.47,3.81
2021,THA,Thailand,imports,729032908.0,Thailand,3.41,3.14,3.14,3.46,3.41,3.47,3.81
2021,USA,United States,exports,2052758643.915,United States,3.89,3.78,4.05,3.51,3.87,4.09,4.08
2021,USA,United States,imports,332694448.0,United States,3.89,3.78,4.05,3.51,3.87,4.09,4.08
2021,VNM,Vietnam,exports,402304866.304,Viet Nam,3.27,2.95,3.01,3.16,3.4,3.45,3.67
2021,VNM,Vietnam,imports,808637815.0,Viet Nam,3.27,2.95,3.01,3.16,3.4,3.45,3.67
2022,CHN,China,exports,413293646.024,China,3.7,3.3,4.0,3.6,3.8,3.8,3.7
2022,CHN,China,imports,14500232915.0,China,3.7,3.3,4.0,3.6,3.8,3.8,3.7
2022,DEU,Germany,exports,214234588.537,Germany,4.1,3.9,4.3,3.7,4.2,4.2,4.1
2022,DEU,Germany,imports,368197422.0,Germany,4.1,3.9,4.3,3.7,4.2,4.2,4.1
2022,JPN,Japan,exports,1545335982.552,Japan,3.9,3.9,4.2,3.3,4.1,4.0,4.0
2022,JPN,Japan,imports,1415443308.0,Japan,3.9,3.9,4.2,3.3,4.1,4.0,4.0
2022,KOR,South Korea,exports,639875897.803,South Korea,3.8,3.9,4.1,3.4,3.8,3.8,3.8
2022,KOR,South Korea,imports,1723396690.0,South Korea,3.8,3.9,4.1,3.4,3.8,3.8,3.8
2022,MYS,Malaysia,exports,410253833.543,Malaysia,3.6,3.3,3.6,3.7,3.7,3.7,3.7
2022,MYS,Malaysia,imports,698015620.0,Malaysia,3.6,3.3,3.6,3.7,3.7,3.7,3.7
2022,PHL,Philippines,exports,233176485.883,Philippines,3.3,2.8,3.2,3.1,3.3,3.3,3.9
2022,PHL,Philippines,imports,670731960.0,Philippines,3.3,2.8,3.2,3.1,3.3,3.3,3.9
2022,SGP,Singapore,exports,3229647591.107,Singapore,4.3,4.2,4.6,4.0,4.4,4.4,4.3
2022,SGP,Singapore,imports,1791042355.0,Singapore,4.3,4.2,4.6,4.0,4.4,4.4,4.3
2022,THA,Thailand,exports,404834501.78,Thailand,3.5,3.3,3.7,3.5,3.5,3.6,3.5
2022,THA,Thailand,imports,867775458.0,Thailand,3.5,3.3,3.7,3.5,3.5,3.6,3.5
2022,USA,United States,exports,3175675143.9969997,United States,3.8,3.7,3.9,3.4,3.9,4.2,3.8
2022,USA,United States,imports,347780827.0,United States,3.8,3.7,3.9,3.4,3.9,4.2,3.8
2022,VNM,Vietnam,exports,380492745.026,Viet Nam,3.3,3.1,3.2,3.3,3.2,3.4,3.3
2022,VNM,Vietnam,imports,783089406.0,Viet Nam,3.3,3.1,3.2,3.3,3.2,3.4,3.3
2023,CHN,China,exports,376956561.673,China,3.7,3.3,4.0,3.6,3.8,3.8,3.7
2023,CHN,China,imports,13597715366.0,China,3.7,3.3,4.0,3.6,3.8,3.8,3.7
2023,DEU,Germany,exports,234047034.018,Germany,4.1,3.9,4.3,3.7,4.2,4.2,4.1
2023,DEU,Germany,imports,438100290.0,Germany,4.1,3.9,4.3,3.7,4.2,4.2,4.1
2023,JPN,Japan,exports,1659399600.131,Japan,3.9,3.9,4.2,3.3,4.1,4.0,4.0
2023,JPN,Japan,imports,1486493623.0,Japan,3.9,3.9,4.2,3.3,4.1,4.0,4.0
2023,KOR,South Korea,exports,630996252.6060001,South Korea,3.8,3.9,4.1,3.4,3.8,3.8,3.8
2023,KOR,South Korea,imports,1740232378.0,South Korea,3.8,3.9,4.1,3.4,3.8,3.8,3.8
2023,MYS,Malaysia,exports,426543354.587,Malaysia,3.6,3.3,3.6,3.7,3.7,3.7,3.7
2023,MYS,Malaysia,imports,655783234.0,Malaysia,3.6,3.3,3.6,3.7,3.7,3.7,3.7
2023,PHL,Philippines,exports,256387333.997,Philippines,3.3,2.8,3.2,3.1,3.3,3.3,3.9
2023,PHL,Philippines,imports,636364961.0,Philippines,3.3,2.8,3.2,3.1,3.3,3.3,3.9
2023,SGP,Singapore,exports,2526452935.93,Singapore,4.3,4.2,4.6,4.0,4.4,4.4,4.3
2023,SGP,Singapore,imports,1684842499.0,Singapore,4.3,4.2,4.6,4.0,4.4,4.4,4.3
2023,THA,Thailand,exports,403525931.424,Thailand,3.5,3.3,3.7,3.5,3.5,3.6,3.5
2023,THA,Thailand,imports,881443647.0,Thailand,3.5,3.3,3.7,3.5,3.5,3.6,3.5
2023,USA,United States,exports,3465540227.452,United States,3.8,3.7,3.9,3.4,3.9,4.2,3.8
2023,USA,United States,imports,408227156.0,United States,3.8,3.7,3.9,3.4,3.9,4.2,3.8
2023,VNM,Vietnam,exports,331503308.04,Viet Nam,3.3,3.1,3.2,3.3,3.2,3.4,3.3
2023,VNM,Vietnam,imports,773043602.0,Viet Nam,3.3,3.1,3.2,3.3,3.2,3.4,3.3
2024,CHN,China,exports,386857074.234,China,3.7,3.3,4.0,3.6,3.8,3.8,3.7
2024,CHN,China,imports,14607728850.0,China,3.7,3.3,4.0,3.6,3.8,3.8,3.7
2024,DEU,Germany,exports,201783270.874,Germany,4.1,3.9,4.3,3.7,4.2,4.2,4.1
2024,DEU,Germany,imports,379831641.0,Germany,4.1,3.9,4.3,3.7,4.2,4.2,4.1
2024,JPN,Japan,exports,1710626112.051,Japan,3.9,3.9,4.2,3.3,4.1,4.0,4.0
2024,JPN,Japan,imports,1398946348.0,Japan,3.9,3.9,4.2,3.3,4.1,4.0,4.0
2024,KOR,South Korea,exports,1270807887.793,South Korea,3.8,3.9,4.1,3.4,3.8,3.8,3.8
2024,KOR,South Korea,imports,1882666632.0,South Korea,3.8,3.9,4.1,3.4,3.8,3.8,3.8
2024,MYS,Malaysia,exports,383821862.381,Malaysia,3.6,3.3,3.6,3.7,3.7,3.7,3.7
2024,MYS,Malaysia,imports,600371965.0,Malaysia,3.6,3.3,3.6,3.7,3.7,3.7,3.7
2024,PHL,Philippines,exports,240668291.457,Philippines,3.3,2.8,3.2,3.1,3.3,3.3,3.9
2024,PHL,Philippines,imports,536804370.0,Philippines,3.3,2.8,3.2,3.1,3.3,3.3,3.9
2024,SGP,Singapore,exports,1863365068.907,Singapore,4.3,4.2,4.6,4.0,4.4,4.4,4.3
2024,SGP,Singapore,imports,1912338314.0,Singapore,4.3,4.2,4.6,4.0,4.4,4.4,4.3
2024,THA,Thailand,exports,376342833.635,Thailand,3.5,3.3,3.7,3.5,3.5,3.6,3.5
2024,THA,Thailand,imports,799284226.0,Thailand,3.5,3.3,3.7,3.5,3.5,3.6,3.5
2024,USA,United States,exports,4240624910.056,United States,3.8,3.7,3.9,3.4,3.9,4.2,3.8
2024,USA,United States,imports,499004249.0,United States,3.8,3.7,3.9,3.4,3.9,4.2,3.8
2024,VNM,Vietnam,exports,377452876.798,Viet Nam,3.3,3.1,3.2,3.3,3.2,3.4,3.3
2024,VNM,Vietnam,imports,853923282.0,Viet Nam,3.3,3.1,3.2,3.3,3.2,3.4,3.3
